<?xml version="1.0" encoding="UTF-8" standalone="yes"?>
<addon id="repository.sunnyrepo" name="repository.sunnyrepo" version="1.0.0" provider-name="sunny">
    <extension point="xbmc.addon.repository" name="repository.sunnyrepo">
        <dir>
            <info compressed="false">https://raw.githubusercontent.com/sathish804/sunnyrepo/master/repo/zips/addons.xml</info>
            <checksum>https://raw.githubusercontent.com/sathish804/sunnyrepo/master/repo/zips/addons.xml.md5</checksum>
            <datadir zip="true">https://raw.githubusercontent.com/sathish804/sunnyrepo/master/repo/zips/</datadir>
        </dir>
    </extension>
    <extension point="xbmc.addon.metadata">
        <summary>sunnyrepo</summary>
        <description>Sunny Test Repo</description>
        <disclaimer></disclaimer>
        <platform>all</platform>
        <assets>
            <icon>icon.png</icon>
            <fanart>fanart.jpg</fanart>
        </assets>
    </extension>
</addon>
